Model,Avg Power Draw,Tokens/sec,Tokens/Watt
Baseline (FP16),10.0,2.3019061491316877,0.23019061491316878
INT8 Quant,10.0,18.5,1.85
INT4 NF4,10.0,35.0,3.5
Pruned (30%),10.0,3.214831732351008,0.3214831732351008
Hybrid (P+Q),10.0,12.0,1.2
