Model,Generated Tokens,Total Time,Tokens/sec
Gemma 3 1B (FP32),40,6.677635669708252,5.990144113649676
Gemma 3 1B (INT8),40,3.8850998878479004,10.295745580471412
Gemma 3 1B (INT4),40,3.5970640182495117,11.120180179463624
