Model,Peak RAM,Peak VRAM,Avg RAM,Avg VRAM
Gemma 3 1B (FP32),5632.7890625,0.0,4787.870703125,0.0
Gemma 3 1B (INT8),2930.296875,0.0,2490.75234375,0.0
Gemma 3 1B (INT4),3879.3671875,238.9736328125,3297.4621093749997,203.127587890625
