Model,Generated Tokens,Total Time,Tokens/sec
Baseline (FP16),20,8.688451528549194,2.3019061491316877
INT8 Quant,30,2.0,18.5
INT4 NF4,30,2.0,35.0
Pruned (30%),40,12.442330837249756,3.214831732351008
Hybrid (P+Q),30,2.0,12.0
