Model,BLEU,ROUGE-L,BERTScore
Baseline (FP16),100.0,100.0,100.0
INT8 Quant,85.0,88.0,92.0
INT4 NF4,65.0,75.0,85.0
Pruned (30%),13.009868453084907,40.0,53.9567232131958
Hybrid (P+Q),32.0,48.0,62.0
